sample_name	Timepoint	type	Run
P20E7	7	Exposed	ERR719708,ERR719709,ERR719710,ERR719711,ERR719712,ERR719713,ERR719714,ERR719715,ERR719716,ERR719717
P8C7	7	Control	ERR719172,ERR719173,ERR719174,ERR719175,ERR719176,ERR719177,ERR719178,ERR719179,ERR719180,ERR719181,ERR719182,ERR719183,ERR719184,ERR719185,ERR719186,ERR719187,ERR719188,ERR719189,ERR719190,ERR719191,ERR719192,ERR719193,ERR719194,ERR719195,ERR719196,ERR719197,ERR719198,ERR719199,ERR719200,ERR719201,ERR719202
P5E0	0	Exposed	ERR720120,ERR720121,ERR720122,ERR720123,ERR720124,ERR720125,ERR720126,ERR720127,ERR720128,ERR720129,ERR720130,ERR720131,ERR720132
P7C90	90	Control	ERR719124,ERR719125,ERR719126,ERR719127,ERR719128,ERR719129,ERR719130,ERR719131,ERR719132,ERR719133,ERR719134,ERR719135,ERR719136,ERR719137,ERR719138,ERR719139,ERR719140,ERR719141,ERR719142,ERR719143,ERR719144,ERR719145
P22E7	7	Exposed	ERR719814,ERR719815,ERR719816,ERR719817,ERR719818,ERR719819,ERR719820,ERR719821,ERR719822,ERR719823,ERR719824,ERR719825,ERR719826,ERR719827,ERR719828,ERR719829
P13E0	0	Exposed	ERR719350,ERR719351,ERR719352,ERR719353,ERR719354,ERR719355,ERR719356,ERR719357,ERR719358,ERR719359,ERR719360,ERR719361
P15E0	0	Exposed	ERR719458,ERR719459,ERR719460,ERR719461,ERR719462,ERR719463,ERR719464,ERR719465,ERR719466,ERR719467,ERR719468,ERR719469,ERR719470,ERR719471,ERR719472,ERR719473,ERR719474,ERR719475,ERR719476,ERR719477
P18E90	90	Exposed	ERR719602,ERR719603,ERR719604,ERR719605,ERR719606,ERR719607,ERR719608,ERR719609,ERR719610,ERR719611,ERR719612,ERR719613,ERR719614,ERR719615,ERR719616,ERR719617,ERR719618,ERR719619,ERR719620
P25C90	90	Control	ERR719929,ERR719930,ERR719931,ERR719932,ERR719933,ERR719934,ERR719935,ERR719936,ERR719937,ERR719938,ERR719939,ERR719940,ERR719941,ERR719942,ERR719943
P4E7	7	Exposed	ERR720097,ERR720098,ERR720099,ERR720100,ERR720101,ERR720102,ERR720103,ERR720104,ERR720105,ERR720106,ERR720107,ERR720108,ERR720109,ERR720110,ERR720111,ERR720112,ERR720113,ERR720114,ERR720115,ERR720116,ERR720117,ERR720118,ERR720119
P3E0	0	Exposed	ERR720044,ERR720045,ERR720046,ERR720047,ERR720048,ERR720049,ERR720050,ERR720051,ERR720052,ERR720053,ERR720054,ERR720055,ERR720056
P15E90	90	Exposed	ERR719492,ERR719493,ERR719494,ERR719495,ERR719496,ERR719497,ERR719498,ERR719499,ERR719500,ERR719501,ERR719502,ERR719503,ERR719504,ERR719505,ERR719506,ERR719507,ERR719508,ERR719509,ERR719510,ERR719511,ERR719512,ERR719513,ERR719514
P6C0	0	Control	ERR720148,ERR720149,ERR720150,ERR720151,ERR720152,ERR720153,ERR720154,ERR720155,ERR720156,ERR720157,ERR720158,ERR720159,ERR720160,ERR720161,ERR720162
P13E7	7	Exposed	ERR719362,ERR719363,ERR719364,ERR719365,ERR719366,ERR719367,ERR719368,ERR719369,ERR719370,ERR719371,ERR719372,ERR719373
P7C7	7	Control	ERR720191,ERR720192,ERR720193,ERR720194,ERR720195,ERR720196,ERR720197,ERR720198,ERR720199,ERR720200,ERR720201
P12E90	90	Exposed	ERR719329,ERR719330,ERR719331,ERR719332,ERR719333,ERR719334,ERR719335,ERR719336,ERR719337,ERR719338,ERR719339,ERR719340,ERR719341,ERR719342,ERR719343,ERR719344,ERR719345,ERR719346,ERR719347,ERR719348,ERR719349
P17E0	0	Exposed	ERR719515,ERR719516,ERR719517,ERR719518,ERR719519,ERR719520,ERR719521,ERR719522,ERR719523,ERR719524,ERR719525
P22E0	0	Exposed	ERR719801,ERR719802,ERR719803,ERR719804,ERR719805,ERR719806,ERR719807,ERR719808,ERR719809,ERR719810,ERR719811,ERR719812,ERR719813
P5E90	90	Exposed	ERR719071,ERR719072,ERR719073,ERR719074,ERR719075,ERR719076,ERR719077,ERR719078,ERR719079,ERR719080,ERR719081,ERR719082,ERR719083,ERR719084,ERR719085,ERR719086,ERR719087,ERR719088,ERR719089,ERR719090,ERR719091,ERR719092,ERR719093,ERR719094,ERR719095
P38C7	7	Control	ERR720005,ERR720006,ERR720007,ERR720008,ERR720009,ERR720010,ERR720011,ERR720012,ERR720013,ERR720014,ERR720015,ERR720016,ERR720017,ERR720018,ERR720019,ERR720020,ERR720021,ERR720022,ERR720023
P22E90	90	Exposed	ERR719830,ERR719831,ERR719832,ERR719833,ERR719834,ERR719835,ERR719836,ERR719837,ERR719838,ERR719839,ERR719840,ERR719841,ERR719842,ERR719843,ERR719844,ERR719845,ERR719846,ERR719847
P25C0	0	Control	ERR719902,ERR719903,ERR719904,ERR719905,ERR719906,ERR719907,ERR719908,ERR719909,ERR719910,ERR719911,ERR719912
P6C90	90	Control	ERR719096,ERR719097,ERR719098,ERR719099,ERR719100,ERR719101,ERR719102,ERR719103,ERR719104,ERR719105,ERR719106,ERR719107,ERR719108,ERR719109,ERR719110,ERR719111,ERR719112,ERR719113,ERR719114,ERR719115,ERR719116,ERR719117,ERR719118,ERR719119,ERR719120,ERR719121,ERR719122,ERR719123
P25C7	7	Control	ERR719913,ERR719914,ERR719915,ERR719916,ERR719917,ERR719918,ERR719919,ERR719920,ERR719921,ERR719922,ERR719923,ERR719924,ERR719925,ERR719926,ERR719927,ERR719928
P7C0	0	Control	ERR720180,ERR720181,ERR720182,ERR720183,ERR720184,ERR720185,ERR720186,ERR720187,ERR720188,ERR720189,ERR720190
P18E0	0	Exposed	ERR719554,ERR719555,ERR719556,ERR719557,ERR719558,ERR719559,ERR719560,ERR719561,ERR719562,ERR719563,ERR719564,ERR719565,ERR719566,ERR719567,ERR719568,ERR719569,ERR719570
P9E7	7	Exposed	ERR720213,ERR720214,ERR720215,ERR720216,ERR720217,ERR720218,ERR720219
P10E0	0	Exposed	ERR719232,ERR719233,ERR719234,ERR719235,ERR719236,ERR719237,ERR719238,ERR719239,ERR719240,ERR719241,ERR719242,ERR719243,ERR719244
P1E0	0	Exposed	ERR719671,ERR719672,ERR719673,ERR719674,ERR719675,ERR719676,ERR719677,ERR719678,ERR719679,ERR719680,ERR719681
P11E90	90	Exposed	ERR719289,ERR719290,ERR719291,ERR719292,ERR719293,ERR719294,ERR719295,ERR719296,ERR719297,ERR719298,ERR719299,ERR719300,ERR719301,ERR719302,ERR719303,ERR719304,ERR719305,ERR719306,ERR719307,ERR719308,ERR719309,ERR719310
P15E7	7	Exposed	ERR719478,ERR719479,ERR719480,ERR719481,ERR719482,ERR719483,ERR719484,ERR719485,ERR719486,ERR719487,ERR719488,ERR719489,ERR719490,ERR719491
P19E7	7	Exposed	ERR719639,ERR719640,ERR719641,ERR719642,ERR719643,ERR719644,ERR719645,ERR719646,ERR719647,ERR719648,ERR719649,ERR719650,ERR719651,ERR719652
P20E90	90	Exposed	ERR719718,ERR719719,ERR719720,ERR719721,ERR719722,ERR719723,ERR719724,ERR719725,ERR719726,ERR719727,ERR719728,ERR719729,ERR719730,ERR719731,ERR719732,ERR719733,ERR719734,ERR719735,ERR719736,ERR719737,ERR719738,ERR719739,ERR719740
P14E0	0	Exposed	ERR719399,ERR719400,ERR719401,ERR719402,ERR719403,ERR719404,ERR719405,ERR719406,ERR719407,ERR719408,ERR719409,ERR719410,ERR719411,ERR719412,ERR719413,ERR719414,ERR719415,ERR719416
P14E90	90	Exposed	ERR719438,ERR719439,ERR719440,ERR719441,ERR719442,ERR719443,ERR719444,ERR719445,ERR719446,ERR719447,ERR719448,ERR719449,ERR719450,ERR719451,ERR719452,ERR719453,ERR719454,ERR719455,ERR719456,ERR719457
P21E0	0	Exposed	ERR719741,ERR719742,ERR719743,ERR719744,ERR719745,ERR719746,ERR719747,ERR719748,ERR719749,ERR719750,ERR719751,ERR719752,ERR719753,ERR719754,ERR719755,ERR719756,ERR719757
P21E7	7	Exposed	ERR719758,ERR719759,ERR719760,ERR719761,ERR719762,ERR719763,ERR719764,ERR719765,ERR719766,ERR719767,ERR719768,ERR719769,ERR719770,ERR719771,ERR719772,ERR719773,ERR719774,ERR719775
P4E90	90	Exposed	ERR719036,ERR719037,ERR719038,ERR719039,ERR719040,ERR719041,ERR719042,ERR719043,ERR719044,ERR719045,ERR719046,ERR719047,ERR719048,ERR719049,ERR719050,ERR719051,ERR719052,ERR719053,ERR719054,ERR719055,ERR719056,ERR719057,ERR719058,ERR719059,ERR719060,ERR719061,ERR719062,ERR719063,ERR719064,ERR719065,ERR719066,ERR719067,ERR719068,ERR719069,ERR719070
P17E90	90	Exposed	ERR719531,ERR719532,ERR719533,ERR719534,ERR719535,ERR719536,ERR719537,ERR719538,ERR719539,ERR719540,ERR719541,ERR719542,ERR719543,ERR719544,ERR719545,ERR719546,ERR719547,ERR719548,ERR719549,ERR719550,ERR719551,ERR719552,ERR719553
P2E7	7	Exposed	ERR719970,ERR719971,ERR719972,ERR719973,ERR719974,ERR719975,ERR719976,ERR719977,ERR719978,ERR719979,ERR719980,ERR719981
P23C0	0	Control	ERR719848,ERR719849,ERR719850,ERR719851,ERR719852,ERR719853,ERR719854,ERR719855,ERR719856,ERR719857,ERR719858,ERR719859,ERR719860,ERR719861,ERR719862,ERR719863,ERR719864,ERR719865,ERR719866,ERR719867
P1E90	90	Exposed	ERR718989,ERR718990,ERR718991,ERR718992,ERR718993,ERR718994,ERR718995,ERR718996,ERR718997,ERR718998,ERR718999,ERR719000,ERR719001,ERR719002
P2E90	90	Exposed	ERR719003,ERR719004,ERR719005,ERR719006,ERR719007,ERR719008,ERR719009,ERR719010,ERR719011,ERR719012,ERR719013,ERR719014,ERR719015,ERR719016,ERR719017,ERR719018
P20E0	0	Exposed	ERR719694,ERR719695,ERR719696,ERR719697,ERR719698,ERR719699,ERR719700,ERR719701,ERR719702,ERR719703,ERR719704,ERR719705,ERR719706,ERR719707
P23C7	7	Control	ERR719868,ERR719869,ERR719870,ERR719871,ERR719872,ERR719873,ERR719874,ERR719875,ERR719876,ERR719877,ERR719878,ERR719879,ERR719880,ERR719881
P3E90	90	Exposed	ERR719019,ERR719020,ERR719021,ERR719022,ERR719023,ERR719024,ERR719025,ERR719026,ERR719027,ERR719028,ERR719029,ERR719030,ERR719031,ERR719032,ERR719033,ERR719034,ERR719035
P12E0	0	Exposed	ERR719311,ERR719312,ERR719313,ERR719314,ERR719315,ERR719316,ERR719317,ERR719318,ERR719319,ERR719320
P19E0	0	Exposed	ERR719621,ERR719622,ERR719623,ERR719624,ERR719625,ERR719626,ERR719627,ERR719628,ERR719629,ERR719630,ERR719631,ERR719632,ERR719633,ERR719634,ERR719635,ERR719636,ERR719637,ERR719638
P9E90	90	Exposed	ERR720220,ERR720221,ERR720222,ERR720223,ERR720224,ERR720225,ERR720226,ERR720227,ERR720228,ERR720229,ERR720230,ERR720231,ERR720232,ERR720233,ERR720234,ERR720235,ERR720236,ERR720237,ERR720238,ERR720239,ERR720240
P10E7	7	Exposed	ERR719245,ERR719246,ERR719247,ERR719248,ERR719249,ERR719250,ERR719251
P8C0	0	Control	ERR719146,ERR719147,ERR719148,ERR719149,ERR719150,ERR719151,ERR719152,ERR719153,ERR719154,ERR719155,ERR719156,ERR719157,ERR719158,ERR719159,ERR719160,ERR719161,ERR719162,ERR719163,ERR719164,ERR719165,ERR719166,ERR719167,ERR719168,ERR719169,ERR719170,ERR719171
P3E7	7	Exposed	ERR720057,ERR720058,ERR720059,ERR720060,ERR720061,ERR720062,ERR720063,ERR720064,ERR720065,ERR720066,ERR720067,ERR720068,ERR720069,ERR720070,ERR720071,ERR720072,ERR720073,ERR720074,ERR720075,ERR720076
P11E7	7	Exposed	ERR719278,ERR719279,ERR719280,ERR719281,ERR719282,ERR719283,ERR719284,ERR719285,ERR719286,ERR719287,ERR719288
P12E7	7	Exposed	ERR719321,ERR719322,ERR719323,ERR719324,ERR719325,ERR719326,ERR719327,ERR719328
P10E90	90	Exposed	ERR719252,ERR719253,ERR719254,ERR719255,ERR719256,ERR719257,ERR719258,ERR719259,ERR719260,ERR719261,ERR719262,ERR719263,ERR719264,ERR719265,ERR719266,ERR719267,ERR719268,ERR719269,ERR719270
P18E7	7	Exposed	ERR719571,ERR719572,ERR719573,ERR719574,ERR719575,ERR719576,ERR719577,ERR719578,ERR719579,ERR719580,ERR719581,ERR719582,ERR719583,ERR719584,ERR719585,ERR719586,ERR719587,ERR719588,ERR719589,ERR719590,ERR719591,ERR719592,ERR719593,ERR719594,ERR719595,ERR719596,ERR719597,ERR719598,ERR719599,ERR719600,ERR719601
P1E7	7	Exposed	ERR719682,ERR719683,ERR719684,ERR719685,ERR719686,ERR719687,ERR719688,ERR719689,ERR719690,ERR719691,ERR719692,ERR719693
P17E7	7	Exposed	ERR719526,ERR719527,ERR719528,ERR719529,ERR719530
P8C90	90	Control	ERR719203,ERR719204,ERR719205,ERR719206,ERR719207,ERR719208,ERR719209,ERR719210,ERR719211,ERR719212,ERR719213,ERR719214,ERR719215,ERR719216,ERR719217,ERR719218,ERR719219,ERR719220,ERR719221,ERR719222,ERR719223,ERR719224,ERR719225,ERR719226,ERR719227,ERR719228,ERR719229,ERR719230,ERR719231
P11E0	0	Exposed	ERR719271,ERR719272,ERR719273,ERR719274,ERR719275,ERR719276,ERR719277
P21E90	90	Exposed	ERR719776,ERR719777,ERR719778,ERR719779,ERR719780,ERR719781,ERR719782,ERR719783,ERR719784,ERR719785,ERR719786,ERR719787,ERR719788,ERR719789,ERR719790,ERR719791,ERR719792,ERR719793,ERR719794,ERR719795,ERR719796,ERR719797,ERR719798,ERR719799,ERR719800
P38C0	0	Control	ERR719982,ERR719983,ERR719984,ERR719985,ERR719986,ERR719987,ERR719988,ERR719989,ERR719990,ERR719991,ERR719992,ERR719993,ERR719994,ERR719995,ERR719996,ERR719997,ERR719998,ERR719999,ERR720000,ERR720001,ERR720002,ERR720003,ERR720004
P4E0	0	Exposed	ERR720077,ERR720078,ERR720079,ERR720080,ERR720081,ERR720082,ERR720083,ERR720084,ERR720085,ERR720086,ERR720087,ERR720088,ERR720089,ERR720090,ERR720091,ERR720092,ERR720093,ERR720094,ERR720095,ERR720096
P13E90	90	Exposed	ERR719374,ERR719375,ERR719376,ERR719377,ERR719378,ERR719379,ERR719380,ERR719381,ERR719382,ERR719383,ERR719384,ERR719385,ERR719386,ERR719387,ERR719388,ERR719389,ERR719390,ERR719391,ERR719392,ERR719393,ERR719394,ERR719395,ERR719396,ERR719397,ERR719398
P5E7	7	Exposed	ERR720133,ERR720134,ERR720135,ERR720136,ERR720137,ERR720138,ERR720139,ERR720140,ERR720141,ERR720142,ERR720143,ERR720144,ERR720145,ERR720146,ERR720147
P6C7	7	Control	ERR720163,ERR720164,ERR720165,ERR720166,ERR720167,ERR720168,ERR720169,ERR720170,ERR720171,ERR720172,ERR720173,ERR720174,ERR720175,ERR720176,ERR720177,ERR720178,ERR720179
P9E0	0	Exposed	ERR720202,ERR720203,ERR720204,ERR720205,ERR720206,ERR720207,ERR720208,ERR720209,ERR720210,ERR720211,ERR720212
P19E90	90	Exposed	ERR719653,ERR719654,ERR719655,ERR719656,ERR719657,ERR719658,ERR719659,ERR719660,ERR719661,ERR719662,ERR719663,ERR719664,ERR719665,ERR719666,ERR719667,ERR719668,ERR719669,ERR719670
P38C90	90	Control	ERR720024,ERR720025,ERR720026,ERR720027,ERR720028,ERR720029,ERR720030,ERR720031,ERR720032,ERR720033,ERR720034,ERR720035,ERR720036,ERR720037,ERR720038,ERR720039,ERR720040,ERR720041,ERR720042,ERR720043
P23C90	90	Control	ERR719882,ERR719883,ERR719884,ERR719885,ERR719886,ERR719887,ERR719888,ERR719889,ERR719890,ERR719891,ERR719892,ERR719893,ERR719894,ERR719895,ERR719896,ERR719897,ERR719898,ERR719899,ERR719900,ERR719901
P2E0	0	Exposed	ERR719944,ERR719945,ERR719946,ERR719947,ERR719948,ERR719949,ERR719950,ERR719951,ERR719952,ERR719953,ERR719954,ERR719955,ERR719956,ERR719957,ERR719958,ERR719959,ERR719960,ERR719961,ERR719962,ERR719963,ERR719964,ERR719965,ERR719966,ERR719967,ERR719968,ERR719969
P14E7	7	Exposed	ERR719417,ERR719418,ERR719419,ERR719420,ERR719421,ERR719422,ERR719423,ERR719424,ERR719425,ERR719426,ERR719427,ERR719428,ERR719429,ERR719430,ERR719431,ERR719432,ERR719433,ERR719434,ERR719435,ERR719436,ERR719437
