	g__Tepidiphilus	g__Klebsiella	g__Shewanella	g__UBA11524	g__Pseudomonas_D	g__Xanthomonas	g__Comamonas	g__Pseudomonas_A	g__Pseudomonas	g__Enterobacter	g__Photorhabdus
g__Tepidiphilus	0	0	0	0	0	1	1	0	0	0	0
g__Klebsiella	0	0	0	0	0	0	0	0	0	2	0
g__Shewanella	0	0	0	0	0	0	0	0	0	0	1
g__UBA11524	0	0	0	0	1	0	0	0	0	0	0
g__Pseudomonas_D	0	0	0	1	0	0	0	0	0	0	0
g__Xanthomonas	1	0	0	0	0	0	1	0	0	0	0
g__Comamonas	1	0	0	0	0	1	0	0	0	0	0
g__Pseudomonas_A	0	0	0	0	0	0	0	0	1	0	0
g__Pseudomonas	0	0	0	0	0	0	0	1	0	0	0
g__Enterobacter	0	2	0	0	0	0	0	0	0	0	0
g__Photorhabdus	0	0	1	0	0	0	0	0	0	0	0
